src,tgt
CCCC(=O)NC(C(=O)N1CCCC1C(=O)NCc1cc(Cl)ccc1OC)C1CCCCC1,*CCCC(=O)NC(C(=O)N1CCCC1C(=O)NCc1cc(Cl)ccc1OC*)C1CCCCC1
NCCCCC(=O)NC(C(=O)N1CCCC1C(=O)NCc1cc(Cl)ccc1)C1CCCCC1,*NCCCCC(=O)NC(C(=O)N1CCCC1C(=O)NCc1cc(Cl)ccc1*)C1CCCCC1
CCCNC(=O)COc1ccc(Cl)cc1CNC(=O)C1CCCN1C(=O)CC1CCCCC1,*CCCNC(=O)COc1ccc(Cl)cc1CNC(=O)C1CCCN1C(=O)C(*)C1CCCCC1
CNC(=O)COc1ccc(Cl)cc1CNC(=O)C1CCCN1C(=O)C(NC=O)C1CCCCC1,*CNC(=O)COc1ccc(Cl)cc1CNC(=O)C1CCCN1C(=O)C(NC(*)=O)C1CCCCC1
c1cc(Cl)ccc1OCC(=O)NCCCCC(=O)NC(C(=O)N1CCCC1)C1CCCCC1,*c1cc(Cl)ccc1OCC(=O)NCCCCC(=O)NC(C(=O)N1CCCC1*)C1CCCCC1
CC(=O)NC(C(=O)N1CCCC1C(=O)NCc1cc(Cl)ccc1OCC(=O)N)C1CCCCC1,*CC(=O)NC(C(=O)N1CCCC1C(=O)NCc1cc(Cl)ccc1OCC(=O)N*)C1CCCCC1
CCCCC(=O)NC(C(=O)N1CCCC1C(=O)NCc1cc(Cl)ccc1O)C1CCCCC1,*CCCCC(=O)NC(C(=O)N1CCCC1C(=O)NCc1cc(Cl)ccc1O*)C1CCCCC1
CCNC(=O)COc1ccc(Cl)cc1CNC(=O)C1CCCN1C(=O)C(N)C1CCCCC1,*CCNC(=O)COc1ccc(Cl)cc1CNC(=O)C1CCCN1C(=O)C(N*)C1CCCCC1
CCC(=O)NC(C(=O)N1CCCC1C(=O)NCc1cc(Cl)ccc1OCC=O)C1CCCCC1,*CCC(=O)NC(C(=O)N1CCCC1C(=O)NCc1cc(Cl)ccc1OCC(*)=O)C1CCCCC1
CC(C=CCCS)OC(=O)C(NC(=O)C(C)(C)NC(=O)c1cscn1)C(C)C,*CC(C=CCCS)OC(=O)C(NC(=O)C(C)(C)NC(=O)c1csc(*)n1)C(C)C
Cc1nc(C(=O)NC(C)(C)C(=O)NC(C(=O)OCC=CCCS)C(C)C)cs1,*Cc1nc(C(=O)NC(C)(C)C(=O)NC(C(=O)OC(*)C=CCCS)C(C)C)cs1
CNC(=O)CC(C=CCCS)OC(=O)C(NC(=O)C(C)(C)NC=O)C(C)C,*CNC(=O)CC(C=CCCS)OC(=O)C(NC(=O)C(C)(C)NC(*)=O)C(C)C
CC(NC(=O)C(CC[NH3+])NC(=O)C(NC(=O)C(CC[NH+]=Cc1ccc(O)c(OC)c1)NC(=O)CCCCC(C)CC)C(C)O)C(=O)NC(CCN=Cc1ccc(O)c(OC)c1)C(=O)NC(Cc1ccccc1)C(=O)NC(CC(C)C)C(=O)NC(CCN=Cc1ccc(O)c(OC)c1)C(=O)NC(CCN=Cc1ccc(O)c(OC)c1)C(=O)NCC(C)O,*CC(NC(=O)C(CC[NH3+])NC(=O)C(NC(=O)C(CC[NH+]=Cc1ccc(O)c(OC)c1)NC(=O)CCCCC(C)CC)C(C)O)C(=O)NC(CCN=Cc1ccc(O)c(OC)c1)C(=O)NC(Cc1ccccc1)C(=O)NC(CC(C)C)C(=O)NC(CCN=Cc1ccc(O)c(OC)c1)C(=O)NC(CCN=Cc1ccc(O)c(OC)c1)C(=O)NC(*)C(C)O
C(=O)C(NC(=O)C(CCN=Cc1ccc(O)c(OC)c1)NC(=O)C(CCN=Cc1ccc(O)c(OC)c1)NC(=O)C(CC(C)C)NC(=O)C(Cc1ccccc1)NC(=O)C(CCN=Cc1ccc(O)c(OC)c1)NC(=O)CNC(=O)C(CC[NH3+])NC(=O)C(NC(=O)C(CC[NH+]=Cc1ccc(O)c(OC)c1)NC(=O)CCCCC(C)CC)C(C)O)C(C)O,*C(=O)C(NC(=O)C(CCN=Cc1ccc(O)c(OC)c1)NC(=O)C(CCN=Cc1ccc(O)c(OC)c1)NC(=O)C(CC(C)C)NC(=O)C(Cc1ccccc1)NC(=O)C(CCN=Cc1ccc(O)c(OC)c1)NC(=O)C(*)NC(=O)C(CC[NH3+])NC(=O)C(NC(=O)C(CC[NH+]=Cc1ccc(O)c(OC)c1)NC(=O)CCCCC(C)CC)C(C)O)C(C)O
CCC(=O)CCC(=O)OCC1OC(OC2C(OC(C)CCCCC)OC(C)C(O)C2O)C(O)C(OC(=O)C(C)=CC)C1OC(=O)C=Cc1ccccc1,*CCC(=O)CCC(=O)OCC1OC(OC2C(OC(C*)CCCCC)OC(C)C(O)C2O)C(O)C(OC(=O)C(C)=CC)C1OC(=O)C=Cc1ccccc1
CCCC(CCCCC)OC1OC(C)C(O)C(O)C1OC1OC(COC(=O)CCC=O)C(OC(=O)C=Cc2ccccc2)C(OC(=O)C(C)=CC)C1O,*CCCC(CCCCC)OC1OC(C)C(O)C(O)C1OC1OC(COC(=O)CCC(*)=O)C(OC(=O)C=Cc2ccccc2)C(OC(=O)C(C)=CC)C1O
CCCC(=O)CCC(=O)OCC1OC(OC2C(OCCCCCC)OC(C)C(O)C2O)C(O)C(OC(=O)C(C)=CC)C1OC(=O)C=Cc1ccccc1,*CCCC(=O)CCC(=O)OCC1OC(OC2C(OC(*)CCCCC)OC(C)C(O)C2O)C(O)C(OC(=O)C(C)=CC)C1OC(=O)C=Cc1ccccc1
CC(=O)CCCCCCC(CCCCC)OC1OC(C)C(O)C(O)C1OC1OC(C)C(OC(=O)C=Cc2ccccc2)C(OC(=O)C(C)=CC)C1O,*CC(=O)CCCCCCC(CCCCC)OC1OC(C)C(O)C(O)C1OC1OC(C*)C(OC(=O)C=Cc2ccccc2)C(OC(=O)C(C)=CC)C1O
CCCCCCC(CCCCC)OC1OC(C)C(O)C(O)C1OC1OC(COC=O)C(OC(=O)C=Cc2ccccc2)C(OC(=O)C(C)=CC)C1O,*CCCCCCC(CCCCC)OC1OC(C)C(O)C(O)C1OC1OC(COC(*)=O)C(OC(=O)C=Cc2ccccc2)C(OC(=O)C(C)=CC)C1O
OCC1OC(OC2C(OC(CCCCC)CCCCCCC=O)OC(C)C(O)C2O)C(O)C(OC(=O)C(C)=CC)C1OC(=O)C=Cc1ccccc1,*OCC1OC(OC2C(OC(CCCCC)CCCCCCC(*)=O)OC(C)C(O)C2O)C(O)C(OC(=O)C(C)=CC)C1OC(=O)C=Cc1ccccc1
CCCCCC(CCCCC)OC1OC(C)C(O)C(O)C1OC1OC(COC(=O)C)C(OC(=O)C=Cc2ccccc2)C(OC(=O)C(C)=CC)C1O,*CCCCCC(CCCCC)OC1OC(C)C(O)C(O)C1OC1OC(COC(=O)C*)C(OC(=O)C=Cc2ccccc2)C(OC(=O)C(C)=CC)C1O
CCC(CCCCC)OC1OC(C)C(O)C(O)C1OC1OC(COC(=O)CCC(=O)C)C(OC(=O)C=Cc2ccccc2)C(OC(=O)C(C)=CC)C1O,*CCC(CCCCC)OC1OC(C)C(O)C(O)C1OC1OC(COC(=O)CCC(=O)C*)C(OC(=O)C=Cc2ccccc2)C(OC(=O)C(C)=CC)C1O
CCC(=O)CCCCCCC(CCCCC)OC1OC(C)C(O)C(O)C1OC1OCC(OC(=O)C=Cc2ccccc2)C(OC(=O)C(C)=CC)C1O,*CCC(=O)CCCCCCC(CCCCC)OC1OC(C)C(O)C(O)C1OC1OC(*)C(OC(=O)C=Cc2ccccc2)C(OC(=O)C(C)=CC)C1O
CCCCC(CCCCC)OC1OC(C)C(O)C(O)C1OC1OC(COC(=O)CC)C(OC(=O)C=Cc2ccccc2)C(OC(=O)C(C)=CC)C1O,*CCCCC(CCCCC)OC1OC(C)C(O)C(O)C1OC1OC(COC(=O)CC*)C(OC(=O)C=Cc2ccccc2)C(OC(=O)C(C)=CC)C1O
C(=O)NC(C(=O)NC(Cc1ccc(OC2OC(CO)C(OC3OC(COCc4ccc(C)cc4)C(O)C(O)C3O)C(O)C2O)cc1)C(=O)NC(C(=O)NC(C(=O)NCCO)C(O)C1C[NH+]=C(N)N1C1OC(CO)C(O)C(O)C1O)C(O)C1C[NH+]=C(N)N1)C(C)c1ccccc1,*C(=O)NC(C(=O)NC(Cc1ccc(OC2OC(CO)C(OC3OC(COCc4ccc(C)cc4)C(O)C(O)C3O)C(O)C2O)cc1)C(=O)NC(C(=O)NC(C(=O)NC(*)CO)C(O)C1C[NH+]=C(N)N1C1OC(CO)C(O)C(O)C1O)C(O)C1C[NH+]=C(N)N1)C(C)c1ccccc1
NC(C(=O)NC(Cc1ccc(OC2OC(CO)C(OC3OC(COCc4ccc(C)cc4)C(O)C(O)C3O)C(O)C2O)cc1)C(=O)NC(C(=O)NC(C(=O)NC(CO)C=O)C(O)C1C[NH+]=C(N)N1C1OC(CO)C(O)C(O)C1O)C(O)C1C[NH+]=C(N)N1)C(C)c1ccccc1,*NC(C(=O)NC(Cc1ccc(OC2OC(CO)C(OC3OC(COCc4ccc(C)cc4)C(O)C(O)C3O)C(O)C2O)cc1)C(=O)NC(C(=O)NC(C(=O)NC(CO)C(*)=O)C(O)C1C[NH+]=C(N)N1C1OC(CO)C(O)C(O)C1O)C(O)C1C[NH+]=C(N)N1)C(C)c1ccccc1
NC(=O)C(CO)NC(=O)C(NC(=O)C(NC(=O)C(Cc1ccc(OC2OC(CO)C(OC3OC(COCc4ccc(C)cc4)C(O)C(O)C3O)C(O)C2O)cc1)NC(=O)CC(C)c1ccccc1)C(O)C1C[NH+]=C(N)N1)C(O)C1C[NH+]=C(N)N1C1OC(CO)C(O)C(O)C1O,*NC(=O)C(CO)NC(=O)C(NC(=O)C(NC(=O)C(Cc1ccc(OC2OC(CO)C(OC3OC(COCc4ccc(C)cc4)C(O)C(O)C3O)C(O)C2O)cc1)NC(=O)C(*)C(C)c1ccccc1)C(O)C1C[NH+]=C(N)N1)C(O)C1C[NH+]=C(N)N1C1OC(CO)C(O)C(O)C1O
C([NH3+])CC(=O)NC(Cc1c[nH]c2ccccc12)C(=O)NC(Cc1ccccc1)C(=O)NCCc1ccccc1,*C([NH3+])CC(=O)NC(Cc1c[nH]c2ccccc12)C(=O)NC(Cc1ccccc1)C(=O)NC(*)Cc1ccccc1
NC(Cc1c[nH]c2ccccc12)C(=O)NC(Cc1ccccc1)C(=O)NC(CNC=O)Cc1ccccc1,*NC(Cc1c[nH]c2ccccc12)C(=O)NC(Cc1ccccc1)C(=O)NC(CNC(*)=O)Cc1ccccc1
C([NH3+])C(=O)NCC(Cc1ccccc1)NC(=O)C(Cc1ccccc1)NC(=O)CCc1c[nH]c2ccccc12,*C([NH3+])C(=O)NCC(Cc1ccccc1)NC(=O)C(Cc1ccccc1)NC(=O)C(*)Cc1c[nH]c2ccccc12
CC(=O)NC(Cc1c[nH]c2ccccc12)C(=O)NC(Cc1ccccc1)C(=O)NC(C)Cc1ccccc1,*CC(=O)NC(Cc1c[nH]c2ccccc12)C(=O)NC(Cc1ccccc1)C(=O)NC(C*)Cc1ccccc1
NCC(Cc1ccccc1)NC(=O)C(Cc1ccccc1)NC(=O)C(Cc1c[nH]c2ccccc12)NC=O,*NCC(Cc1ccccc1)NC(=O)C(Cc1ccccc1)NC(=O)C(Cc1c[nH]c2ccccc12)NC(*)=O
CC1CCCC(CC2CCOC(C=CC(C)(C)C3(O)OC(CC(O)C(O)CC)CC(=CC(=O)OC)C3OC(=O)CCCCCCC)O2)O1,*CC1CCCC(CC2CCOC(C=CC(C)(C)C3(O)OC(CC(O*)C(O)CC)CC(=CC(=O)OC)C3OC(=O)CCCCCCC)O2)O1
C(=O)OC(CC1CC(=CC(=O)OC)C(OC(=O)CCCCCCC)C(O)(C(C)(C)C=CC2OCCC(CC3CCCCO3)O2)O1)C(O)CC,*C(=O)OC(CC1CC(=CC(=O)OC)C(OC(=O)CCCCCCC)C(O)(C(C)(C)C=CC2OCCC(CC3CCCC(*)O3)O2)O1)C(O)CC
C(O)CC1CCCC(CC2CCOC(C=CC(C)(C)C3(O)OC(CCC(O)CC)CC(=CC(=O)OC)C3OC(=O)CCCCCCC)O2)O1,*C(O)CC1CCCC(CC2CCOC(C=CC(C)(C)C3(O)OC(CC(*)C(O)CC)CC(=CC(=O)OC)C3OC(=O)CCCCCCC)O2)O1
C1OCCC(CC2CCCC(CC(O)CC(=O)OC(CC3CC(=CC(=O)OC)C(OC(=O)CCCCCCC)C(O)O3)C(O)CC)O2)O1,*C1OCCC(CC2CCCC(CC(O)CC(=O)OC(CC3CC(=CC(=O)OC)C(OC(=O)CCCCCCC)C(*)(O)O3)C(O)CC)O2)O1
CCCOC(CN(C)S(=O)(=O)c1ccc(F)cc1)C(C)CN(C(=O)c1cccnc1)C(C)C[NH+](C)C,*CCCOC(CN(C)S(=O)(=O)c1ccc(F)cc1)C(C)CN(C(=O)c1cccnc1*)C(C)C[NH+](C)C
CCC(C)Oc1ncccc1C(=O)N(CC(C)CCN(C)S(=O)(=O)c1ccc(F)cc1)C(C)C[NH+](C)C,*CCC(C)Oc1ncccc1C(=O)N(CC(C)C(*)CN(C)S(=O)(=O)c1ccc(F)cc1)C(C)C[NH+](C)C
CC(C)Oc1ncccc1C(=O)N(CC(C)C(CN(C)S(=O)(=O)c1ccc(F)cc1)O)C(C)C[NH+](C)C,*CC(C)Oc1ncccc1C(=O)N(CC(C)C(CN(C)S(=O)(=O)c1ccc(F)cc1)O*)C(C)C[NH+](C)C
CCOC(CN(C)S(=O)(=O)c1ccc(F)cc1)C(C)CN(C(=O)c1cccnc1O)C(C)C[NH+](C)C,*CCOC(CN(C)S(=O)(=O)c1ccc(F)cc1)C(C)CN(C(=O)c1cccnc1O*)C(C)C[NH+](C)C
COC(CN(C)S(=O)(=O)c1ccc(F)cc1)C(C)CN(C(=O)c1cccnc1OCC)C(C)C[NH+](C)C,*COC(CN(C)S(=O)(=O)c1ccc(F)cc1)C(C)CN(C(=O)c1cccnc1OC(*)C)C(C)C[NH+](C)C
C=Cc1ccccc1OCCNC(C)(C)C(=O)NC(C)(C)C(=O)NCCc1cccc(Cl)c1,*C=Cc1ccccc1OCCNC(C)(C)C(=O)NC(C)(C)C(=O)NC(*)Cc1cccc(Cl)c1
COc1ccccc1C=CCNC(=O)C(Cc1cccc(Cl)c1)NC(=O)C(C)(C)NC=O,*COc1ccccc1C=CCNC(=O)C(Cc1cccc(Cl)c1)NC(=O)C(C)(C)NC(*)=O
Oc1ccccc1C=CCNC(=O)C(Cc1cccc(Cl)c1)NC(=O)C(C)(C)NC(=O)C(C)C,*Oc1ccccc1C=CCNC(=O)C(Cc1cccc(Cl)c1)NC(=O)C(C)(C)NC(=O)C(*)(C)C
NC(C)(C)C(=O)NC(C)(C)C(=O)NC(Cc1cccc(Cl)c1)C(=O)NCC=Cc1ccccc1,*NC(C)(C)C(=O)NC(C)(C)C(=O)NC(Cc1cccc(Cl)c1)C(=O)NCC=Cc1ccccc1*
NC(=O)C(Cc1cccc(Cl)c1)NC(=O)C(C)(C)NC(=O)C(C)(C)NCCOc1ccccc1,*NC(=O)C(Cc1cccc(Cl)c1)NC(=O)C(C)(C)NC(=O)C(C)(C)NCCOc1ccccc1*
CCC1(CC(=O)NC(C)c2nc(C=CC=CC=O)cs2)SSC(=O)C1(C)O,*CCC1(CC(=O)NC(C)c2nc(C=CC=CC(*)=O)cs2)SSC(=O)C1(C)O
C=CC=CC(=O)C(O)C=C(C)CCC1(CC(=O)NCC)SSC(=O)C1(C)O,*C=CC=CC(=O)C(O)C=C(C)CCC1(CC(=O)NC(*)C)SSC(=O)C1(C)O
C(C)c1nc(C=CC=CC(=O)C(O)C=C(C)CCC2SSC(=O)C2(C)O)cs1,*C(C)c1nc(C=CC=CC(=O)C(O)C=C(C)CCC2(*)SSC(=O)C2(C)O)cs1
C=Cc1csc(C(C)NC(=O)CC2(CCC(C)=CCO)SSC(=O)C2(C)O)n1,*C=Cc1csc(C(C)NC(=O)CC2(CCC(C)=CC(*)O)SSC(=O)C2(C)O)n1
CC1(CCC(C)=CC(O)C(=O)C=CC=Cc2cscn2)SSC(=O)C1(C)O,*CC1(CCC(C)=CC(O)C(=O)C=CC=Cc2csc(*)n2)SSC(=O)C1(C)O
CC1(CC(=O)NC(C)c2nc(C=CC=CC(=O)CO)cs2)SSC(=O)C1(C)O,*CC1(CC(=O)NC(C)c2nc(C=CC=CC(=O)C(*)O)cs2)SSC(=O)C1(C)O
CCCOC(CN(C)C(=O)Nc1cccc2ccccc12)C(C)CN(C(=O)c1cc(NC(=O)c2ccncc2)ccc1)C(C)CO,*CCCOC(CN(C)C(=O)Nc1cccc2ccccc12)C(C)CN(C(=O)c1cc(NC(=O)c2ccncc2)ccc1*)C(C)CO
CC(C)Oc1ccc(NC(=O)c2ccncc2)cc1C(=O)N(CC(C)C(CN(C)C(=O)Nc1cccc2ccccc12)O)C(C)CO,*CC(C)Oc1ccc(NC(=O)c2ccncc2)cc1C(=O)N(CC(C)C(CN(C)C(=O)Nc1cccc2ccccc12)O*)C(C)CO
CCOC(CN(C)C(=O)Nc1cccc2ccccc12)C(C)CN(C(=O)c1cc(NC(=O)c2ccncc2)ccc1O)C(C)CO,*CCOC(CN(C)C(=O)Nc1cccc2ccccc12)C(C)CN(C(=O)c1cc(NC(=O)c2ccncc2)ccc1O*)C(C)CO
COC(CN(C)C(=O)Nc1cccc2ccccc12)C(C)CN(C(=O)c1cc(NC(=O)c2ccncc2)ccc1OCC)C(C)CO,*COC(CN(C)C(=O)Nc1cccc2ccccc12)C(C)CN(C(=O)c1cc(NC(=O)c2ccncc2)ccc1OC(*)C)C(C)CO
CCC(C)Oc1ccc(NC(=O)c2ccncc2)cc1C(=O)N(CC(C)CCN(C)C(=O)Nc1cccc2ccccc12)C(C)CO,*CCC(C)Oc1ccc(NC(=O)c2ccncc2)cc1C(=O)N(CC(C)C(*)CN(C)C(=O)Nc1cccc2ccccc12)C(C)CO
CNC(=O)CC(NC(=O)C(NC(=O)C(CC(C)C)NC(=O)C(Cc1c[nH]c2ccccc12)NC(=O)CNC(=O)C(NC(=O)C(Cc1ccccc1)NC(=O)C(CCC(=O)[O-])NC(=O)C(CCCC[NH3+])NC(=O)C(C)NC(=O)C(C)NC(=O)C(CCC(N)=O)NC(=O)C(NC(=O)C(CCC(=O)[O-])NC(=O)C(CC(C)C)NC(=O)C(Cc1ccc(O)cc1)NC(=O)C(CO)NC(=O)C(CO)NC(=O)C(NC(=O)C(CC(=O)[O-])NC(=O)C(CO)NC(=O)C(NC(=O)C(Cc1ccccc1)NC(=O)C(NC(=O)CNC(=O)C(CCC(=O)[O-])NC(=O)C(C)NC(=O)C([NH3+])Cc1cnc[nH]1)C(C)O)C(C)O)C(C)C)C(C)C)C(C)CC)C(C)C)C(=O)NCC(=O)NC(CCCNC(N)=[NH2+])C(=O)NCC(N)=O,*CNC(=O)CC(NC(=O)C(NC(=O)C(CC(C)C)NC(=O)C(Cc1c[nH]c2ccccc12)NC(=O)C(*)NC(=O)C(NC(=O)C(Cc1ccccc1)NC(=O)C(CCC(=O)[O-])NC(=O)C(CCCC[NH3+])NC(=O)C(C)NC(=O)C(C)NC(=O)C(CCC(N)=O)NC(=O)C(NC(=O)C(CCC(=O)[O-])NC(=O)C(CC(C)C)NC(=O)C(Cc1ccc(O)cc1)NC(=O)C(CO)NC(=O)C(CO)NC(=O)C(NC(=O)C(CC(=O)[O-])NC(=O)C(CO)NC(=O)C(NC(=O)C(Cc1ccccc1)NC(=O)C(NC(=O)CNC(=O)C(CCC(=O)[O-])NC(=O)C(C)NC(=O)C([NH3+])Cc1cnc[nH]1)C(C)O)C(C)O)C(C)C)C(C)C)C(C)CC)C(C)C)C(=O)NCC(=O)NC(CCCNC(N)=[NH2+])C(=O)NCC(N)=O
CC(NC(=O)C(NC(=O)C(Cc1ccccc1)NC(=O)C(CCC(=O)[O-])NC(=O)C(CCCC[NH3+])NC(=O)C(C)NC(=O)C(C)NC(=O)C(CCC(N)=O)NC(=O)C(NC(=O)C(CCC(=O)[O-])NC(=O)C(CC(C)C)NC(=O)C(Cc1ccc(O)cc1)NC(=O)C(CO)NC(=O)C(CO)NC(=O)C(NC(=O)C(CC(=O)[O-])NC(=O)C(CO)NC(=O)C(NC(=O)C(Cc1ccccc1)NC(=O)C(NC(=O)CNC(=O)C(CCC(=O)[O-])NC(=O)C(C)NC(=O)C([NH3+])Cc1cnc[nH]1)C(C)O)C(C)O)C(C)C)C(C)C)C(C)CC)C(=O)NC(Cc1c[nH]c2ccccc12)C(=O)NC(CC(C)C)C(=O)NC(C(=O)NC(CC(=O)N)C(=O)NCC(=O)NC(CCCNC(N)=[NH2+])C(=O)NCC(N)=O)C(C)C,*CC(NC(=O)C(NC(=O)C(Cc1ccccc1)NC(=O)C(CCC(=O)[O-])NC(=O)C(CCCC[NH3+])NC(=O)C(C)NC(=O)C(C)NC(=O)C(CCC(N)=O)NC(=O)C(NC(=O)C(CCC(=O)[O-])NC(=O)C(CC(C)C)NC(=O)C(Cc1ccc(O)cc1)NC(=O)C(CO)NC(=O)C(CO)NC(=O)C(NC(=O)C(CC(=O)[O-])NC(=O)C(CO)NC(=O)C(NC(=O)C(Cc1ccccc1)NC(=O)C(NC(=O)CNC(=O)C(CCC(=O)[O-])NC(=O)C(C)NC(=O)C([NH3+])Cc1cnc[nH]1)C(C)O)C(C)O)C(C)C)C(C)C)C(C)CC)C(=O)NC(Cc1c[nH]c2ccccc12)C(=O)NC(CC(C)C)C(=O)NC(C(=O)NC(CC(=O)N*)C(=O)NCC(=O)NC(CCCNC(N)=[NH2+])C(=O)NCC(N)=O)C(C)C
CCCC(NC(=O)C(NC(=O)C(Cc1ccccc1)NC(=O)C(CCC(=O)[O-])NC(=O)C(CCCC[NH3+])NC(=O)C(C)NC(=O)C(C)NC(=O)C(CCC(N)=O)NC(=O)C(NC(=O)C(CCC(=O)[O-])NC(=O)C(CC(C)C)NC(=O)C(Cc1ccc(O)cc1)NC(=O)C(CO)NC(=O)C(CO)NC(=O)C(NC(=O)C(CC(=O)[O-])NC(=O)C(CO)NC(=O)C(NC(=O)C(Cc1ccccc1)NC(=O)C(NC(=O)CNC(=O)C(CCC(=O)[O-])NC(=O)C(C)NC(=O)C([NH3+])Cc1cnc[nH]1)C(C)O)C(C)O)C(C)C)C(C)C)C(C)CC)C(=O)NC(Cc1c[nH]c2ccccc12)C(=O)NC(CC(C)C)C(=O)NC(C(=O)NC(C)C(=O)NCC(=O)NC(CCCNC(N)=[NH2+])C(=O)NCC(N)=O)C(C)C,*CCCC(NC(=O)C(NC(=O)C(Cc1ccccc1)NC(=O)C(CCC(=O)[O-])NC(=O)C(CCCC[NH3+])NC(=O)C(C)NC(=O)C(C)NC(=O)C(CCC(N)=O)NC(=O)C(NC(=O)C(CCC(=O)[O-])NC(=O)C(CC(C)C)NC(=O)C(Cc1ccc(O)cc1)NC(=O)C(CO)NC(=O)C(CO)NC(=O)C(NC(=O)C(CC(=O)[O-])NC(=O)C(CO)NC(=O)C(NC(=O)C(Cc1ccccc1)NC(=O)C(NC(=O)CNC(=O)C(CCC(=O)[O-])NC(=O)C(C)NC(=O)C([NH3+])Cc1cnc[nH]1)C(C)O)C(C)O)C(C)C)C(C)C)C(C)CC)C(=O)NC(Cc1c[nH]c2ccccc12)C(=O)NC(CC(C)C)C(=O)NC(C(=O)NC(C*)C(=O)NCC(=O)NC(CCCNC(N)=[NH2+])C(=O)NCC(N)=O)C(C)C
CCC(NC(=O)C(NC(=O)C(Cc1ccccc1)NC(=O)C(CCC(=O)[O-])NC(=O)C(CCCC[NH3+])NC(=O)C(C)NC(=O)C(C)NC(=O)C(CCC(N)=O)NC(=O)C(NC(=O)C(CCC(=O)[O-])NC(=O)C(CC(C)C)NC(=O)C(Cc1ccc(O)cc1)NC(=O)C(CO)NC(=O)C(CO)NC(=O)C(NC(=O)C(CC(=O)[O-])NC(=O)C(CO)NC(=O)C(NC(=O)C(Cc1ccccc1)NC(=O)C(NC(=O)CNC(=O)C(CCC(=O)[O-])NC(=O)C(C)NC(=O)C([NH3+])Cc1cnc[nH]1)C(C)O)C(C)O)C(C)C)C(C)C)C(C)CC)C(=O)NC(Cc1c[nH]c2ccccc12)C(=O)NC(CC(C)C)C(=O)NC(C(=O)NC(CC=O)C(=O)NCC(=O)NC(CCCNC(N)=[NH2+])C(=O)NCC(N)=O)C(C)C,*CCC(NC(=O)C(NC(=O)C(Cc1ccccc1)NC(=O)C(CCC(=O)[O-])NC(=O)C(CCCC[NH3+])NC(=O)C(C)NC(=O)C(C)NC(=O)C(CCC(N)=O)NC(=O)C(NC(=O)C(CCC(=O)[O-])NC(=O)C(CC(C)C)NC(=O)C(Cc1ccc(O)cc1)NC(=O)C(CO)NC(=O)C(CO)NC(=O)C(NC(=O)C(CC(=O)[O-])NC(=O)C(CO)NC(=O)C(NC(=O)C(Cc1ccccc1)NC(=O)C(NC(=O)CNC(=O)C(CCC(=O)[O-])NC(=O)C(C)NC(=O)C([NH3+])Cc1cnc[nH]1)C(C)O)C(C)O)C(C)C)C(C)C)C(C)CC)C(=O)NC(Cc1c[nH]c2ccccc12)C(=O)NC(CC(C)C)C(=O)NC(C(=O)NC(CC(*)=O)C(=O)NCC(=O)NC(CCCNC(N)=[NH2+])C(=O)NCC(N)=O)C(C)C
CCCCC(NC(=O)C(NC(=O)C(Cc1ccccc1)NC(=O)C(CCC(=O)[O-])NC(=O)C(CCCC[NH3+])NC(=O)C(C)NC(=O)C(C)NC(=O)C(CCC(N)=O)NC(=O)C(NC(=O)C(CCC(=O)[O-])NC(=O)C(CC(C)C)NC(=O)C(Cc1ccc(O)cc1)NC(=O)C(CO)NC(=O)C(CO)NC(=O)C(NC(=O)C(CC(=O)[O-])NC(=O)C(CO)NC(=O)C(NC(=O)C(Cc1ccccc1)NC(=O)C(NC(=O)CNC(=O)C(CCC(=O)[O-])NC(=O)C(C)NC(=O)C([NH3+])Cc1cnc[nH]1)C(C)O)C(C)O)C(C)C)C(C)C)C(C)CC)C(=O)NC(Cc1c[nH]c2ccccc12)C(=O)NC(CC(C)C)C(=O)NC(C(=O)NCC(=O)NCC(=O)NC(CCCNC(N)=[NH2+])C(=O)NCC(N)=O)C(C)C,*CCCCC(NC(=O)C(NC(=O)C(Cc1ccccc1)NC(=O)C(CCC(=O)[O-])NC(=O)C(CCCC[NH3+])NC(=O)C(C)NC(=O)C(C)NC(=O)C(CCC(N)=O)NC(=O)C(NC(=O)C(CCC(=O)[O-])NC(=O)C(CC(C)C)NC(=O)C(Cc1ccc(O)cc1)NC(=O)C(CO)NC(=O)C(CO)NC(=O)C(NC(=O)C(CC(=O)[O-])NC(=O)C(CO)NC(=O)C(NC(=O)C(Cc1ccccc1)NC(=O)C(NC(=O)CNC(=O)C(CCC(=O)[O-])NC(=O)C(C)NC(=O)C([NH3+])Cc1cnc[nH]1)C(C)O)C(C)O)C(C)C)C(C)C)C(C)CC)C(=O)NC(Cc1c[nH]c2ccccc12)C(=O)NC(CC(C)C)C(=O)NC(C(=O)NC(*)C(=O)NCC(=O)NC(CCCNC(N)=[NH2+])C(=O)NCC(N)=O)C(C)C
CCCC(NC(=O)NC(C(=O)[O-])C(C)CC)C(=O)NC(C(=O)NCCCc1ccc(O)cc1)C(C)C,*CCCC(NC(=O)NC(C(=O)[O-])C(C)CC)C(=O)NC(C(=O)NC(*)CCc1ccc(O)cc1)C(C)C
CC(NC(=O)NC(C(=O)[O-])C(C)CC)C(=O)NC(C(=O)NC(CCc1ccc(O)cc1)C(=O)N)C(C)C,*CC(NC(=O)NC(C(=O)[O-])C(C)CC)C(=O)NC(C(=O)NC(CCc1ccc(O)cc1)C(=O)N*)C(C)C
CCC(NC(=O)NC(C(=O)[O-])C(C)CC)C(=O)NC(C(=O)NC(CCc1ccc(O)cc1)C=O)C(C)C,*CCC(NC(=O)NC(C(=O)[O-])C(C)CC)C(=O)NC(C(=O)NC(CCc1ccc(O)cc1)C(*)=O)C(C)C
CNC(=O)C(CCc1ccc(O)cc1)NC(=O)C(NC(=O)CNC(=O)NC(C(=O)[O-])C(C)CC)C(C)C,*CNC(=O)C(CCc1ccc(O)cc1)NC(=O)C(NC(=O)C(*)NC(=O)NC(C(=O)[O-])C(C)CC)C(C)C
CCCC(CCCCC)OC1OC(C)C(OC(C)=O)C(OC(C)=O)C1OC1OC(COC(=O)CCC=O)C(OC(=O)C=Cc2ccccc2)C(OC(=O)C(C)=CC)C1O,*CCCC(CCCCC)OC1OC(C)C(OC(C)=O)C(OC(C)=O)C1OC1OC(COC(=O)CCC(*)=O)C(OC(=O)C=Cc2ccccc2)C(OC(=O)C(C)=CC)C1O
CCC(=O)CCC(=O)OCC1OC(OC2C(OC(C)CCCCC)OC(C)C(OC(C)=O)C2OC(C)=O)C(O)C(OC(=O)C(C)=CC)C1OC(=O)C=Cc1ccccc1,*CCC(=O)CCC(=O)OCC1OC(OC2C(OC(C*)CCCCC)OC(C)C(OC(C)=O)C2OC(C)=O)C(O)C(OC(=O)C(C)=CC)C1OC(=O)C=Cc1ccccc1
CCCC(=O)CCC(=O)OCC1OC(OC2C(OCCCCCC)OC(C)C(OC(C)=O)C2OC(C)=O)C(O)C(OC(=O)C(C)=CC)C1OC(=O)C=Cc1ccccc1,*CCCC(=O)CCC(=O)OCC1OC(OC2C(OC(*)CCCCC)OC(C)C(OC(C)=O)C2OC(C)=O)C(O)C(OC(=O)C(C)=CC)C1OC(=O)C=Cc1ccccc1
CC(=O)CCCCCCC(CCCCC)OC1OC(C)C(OC(C)=O)C(OC(C)=O)C1OC1OC(C)C(OC(=O)C=Cc2ccccc2)C(OC(=O)C(C)=CC)C1O,*CC(=O)CCCCCCC(CCCCC)OC1OC(C)C(OC(C)=O)C(OC(C)=O)C1OC1OC(C*)C(OC(=O)C=Cc2ccccc2)C(OC(=O)C(C)=CC)C1O
CCCCC(CCCCC)OC1OC(C)C(OC(C)=O)C(OC(C)=O)C1OC1OC(COC(=O)CC)C(OC(=O)C=Cc2ccccc2)C(OC(=O)C(C)=CC)C1O,*CCCCC(CCCCC)OC1OC(C)C(OC(C)=O)C(OC(C)=O)C1OC1OC(COC(=O)CC*)C(OC(=O)C=Cc2ccccc2)C(OC(=O)C(C)=CC)C1O
CCC(CCCCC)OC1OC(C)C(OC(C)=O)C(OC(C)=O)C1OC1OC(COC(=O)CCC(=O)C)C(OC(=O)C=Cc2ccccc2)C(OC(=O)C(C)=CC)C1O,*CCC(CCCCC)OC1OC(C)C(OC(C)=O)C(OC(C)=O)C1OC1OC(COC(=O)CCC(=O)C*)C(OC(=O)C=Cc2ccccc2)C(OC(=O)C(C)=CC)C1O
CCC(=O)CCCCCCC(CCCCC)OC1OC(C)C(OC(C)=O)C(OC(C)=O)C1OC1OCC(OC(=O)C=Cc2ccccc2)C(OC(=O)C(C)=CC)C1O,*CCC(=O)CCCCCCC(CCCCC)OC1OC(C)C(OC(C)=O)C(OC(C)=O)C1OC1OC(*)C(OC(=O)C=Cc2ccccc2)C(OC(=O)C(C)=CC)C1O
CCCCCC(CCCCC)OC1OC(C)C(OC(C)=O)C(OC(C)=O)C1OC1OC(COC(=O)C)C(OC(=O)C=Cc2ccccc2)C(OC(=O)C(C)=CC)C1O,*CCCCCC(CCCCC)OC1OC(C)C(OC(C)=O)C(OC(C)=O)C1OC1OC(COC(=O)C*)C(OC(=O)C=Cc2ccccc2)C(OC(=O)C(C)=CC)C1O
OCC1OC(OC2C(OC(CCCCC)CCCCCCC=O)OC(C)C(OC(C)=O)C2OC(C)=O)C(O)C(OC(=O)C(C)=CC)C1OC(=O)C=Cc1ccccc1,*OCC1OC(OC2C(OC(CCCCC)CCCCCCC(*)=O)OC(C)C(OC(C)=O)C2OC(C)=O)C(O)C(OC(=O)C(C)=CC)C1OC(=O)C=Cc1ccccc1
CCCCCCC(CCCCC)OC1OC(C)C(OC(C)=O)C(OC(C)=O)C1OC1OC(COC=O)C(OC(=O)C=Cc2ccccc2)C(OC(=O)C(C)=CC)C1O,*CCCCCCC(CCCCC)OC1OC(C)C(OC(C)=O)C(OC(C)=O)C1OC1OC(COC(*)=O)C(OC(=O)C=Cc2ccccc2)C(OC(=O)C(C)=CC)C1O
CCCCC(NC(=O)OC1CCCC1)C(=O)N1CC(OC(=O)N2Cc3cccc(F)c3C2)CC1C(=O)NC1(C(=O)[N-]S(=O)(=O)c2ccc3c(c2)B(O)OC3)CC1,*CCCCC(NC(=O)OC1CCCC1)C(=O)N1CC(OC(=O)N2Cc3cccc(F)c3C2)CC1C(=O)NC1(C(=O)[N-]S(=O)(=O)c2ccc3c(c2)B(O)OC3)CC1*
CCC=CC1CC1(NC(=O)C1CC(OC(=O)N2Cc3cccc(F)c3C2)CN1C(=O)CNC(=O)OC1CCCC1)C(=O)[N-]S(=O)(=O)c1ccc2c(c1)B(O)OC2,*CCC=CC1CC1(NC(=O)C1CC(OC(=O)N2Cc3cccc(F)c3C2)CN1C(=O)C(*)NC(=O)OC1CCCC1)C(=O)[N-]S(=O)(=O)c1ccc2c(c1)B(O)OC2
CC=CC1CC1(NC(=O)C1CC(OC(=O)N2Cc3cccc(F)c3C2)CN1C(=O)C(C)NC(=O)OC1CCCC1)C(=O)[N-]S(=O)(=O)c1ccc2c(c1)B(O)OC2,*CC=CC1CC1(NC(=O)C1CC(OC(=O)N2Cc3cccc(F)c3C2)CN1C(=O)C(C*)NC(=O)OC1CCCC1)C(=O)[N-]S(=O)(=O)c1ccc2c(c1)B(O)OC2
C=CC1CC1(NC(=O)C1CC(OC(=O)N2Cc3cccc(F)c3C2)CN1C(=O)C(CC)NC(=O)OC1CCCC1)C(=O)[N-]S(=O)(=O)c1ccc2c(c1)B(O)OC2,*C=CC1CC1(NC(=O)C1CC(OC(=O)N2Cc3cccc(F)c3C2)CN1C(=O)C(CC*)NC(=O)OC1CCCC1)C(=O)[N-]S(=O)(=O)c1ccc2c(c1)B(O)OC2
C(=O)C1CCCN1C(=O)C(NC(=O)C(NC(=O)c1c2nc3c(C(=O)NC4C(=O)NC(C(C)O)C(=O)N5CCCC5C(=O)N(C)CC(=O)N(C)C(C(C)C)C(=O)OC4C)ccc(C)c3oc-2c(C)c(=O)c1N)C(C)OC(=O)C(C(C)C)NC)C(C)O,*C(=O)C1CCCN1C(=O)C(NC(=O)C(NC(=O)c1c2nc3c(C(=O)NC4C(=O)NC(C(C)O)C(=O)N5CCCC5C(=O)N(C)CC(=O)N(C)C(C(C)C)C(=O)OC4C)ccc(C)c3oc-2c(C)c(=O)c1N)C(C)OC(=O)C(C(C)C)N(*)C)C(C)O
C(NC(=O)c1c2nc3c(C(=O)NC4C(=O)NC(C(C)O)C(=O)N5CCCC5C(=O)N(C)CC(=O)N(C)C(C(C)C)C(=O)OC4C)ccc(C)c3oc-2c(C)c(=O)c1N)C(=O)NC(C(=O)N1CCCC1C(=O)N(C)CC(=O)N(C)CC(C)C)C(C)O,*C(NC(=O)c1c2nc3c(C(=O)NC4C(=O)NC(C(C)O)C(=O)N5CCCC5C(=O)N(C)CC(=O)N(C)C(C(C)C)C(=O)OC4C)ccc(C)c3oc-2c(C)c(=O)c1N)C(=O)NC(C(=O)N1CCCC1C(=O)N(C)CC(=O)N(C)C(*)C(C)C)C(C)O
C(=O)N(C)C(C(=O)OC(C)C(NC(=O)c1c2nc3c(C(=O)NC4C(=O)NC(C(C)O)C(=O)N5CCCC5C(=O)N(C)CC(=O)N(C)C(C(C)C)C(=O)OC4C)ccc(C)c3oc-2c(C)c(=O)c1N)C(=O)NC(C(=O)N1CCCC1)C(C)O)C(C)C,*C(=O)N(C)C(C(=O)OC(C)C(NC(=O)c1c2nc3c(C(=O)NC4C(=O)NC(C(C)O)C(=O)N5CCCC5C(=O)N(C)CC(=O)N(C)C(C(C)C)C(=O)OC4C)ccc(C)c3oc-2c(C)c(=O)c1N)C(=O)NC(C(=O)N1CCCC1*)C(C)O)C(C)C
C(C(=O)OC(C)C(NC(=O)c1c2nc3c(C(=O)NC4C(=O)NC(C(C)O)C(=O)N5CCCC5C(=O)N(C)CC(=O)N(C)C(C(C)C)C(=O)OC4C)ccc(C)c3oc-2c(C)c(=O)c1N)C(=O)NC(C(=O)N1CCCC1C(=O)NC)C(C)O)C(C)C,*C(C(=O)OC(C)C(NC(=O)c1c2nc3c(C(=O)NC4C(=O)NC(C(C)O)C(=O)N5CCCC5C(=O)N(C)CC(=O)N(C)C(C(C)C)C(=O)OC4C)ccc(C)c3oc-2c(C)c(=O)c1N)C(=O)NC(C(=O)N1CCCC1C(=O)N(*)C)C(C)O)C(C)C
C=C(C)C(=O)NC1=C(NCCCCCCCCCNC2=C3NC(=O)C(C)=CC=CC(OC)C(OC(N)=O)C(C)=CC(C)C(O)C(OC)CC(C)CC(=C(OC)C2=O)C3=O)C(=O)C(OC)=C(CC(C)CC(OC)C(O)C(C)C=C(C)COC(N)=O)C1=O,*C=C(C)C(=O)NC1=C(NCCCCCCCCCNC2=C3NC(=O)C(C)=CC=CC(OC)C(OC(N)=O)C(C)=CC(C)C(O)C(OC)CC(C)CC(=C(OC)C2=O)C3=O)C(=O)C(OC)=C(CC(C)CC(OC)C(O)C(C)C=C(C)C(*)OC(N)=O)C1=O
C=CC(OC)C(OC(N)=O)C(C)=CC(C)C(O)C(CC(C)CC1=C(OC)C(=O)C(NCCCCCCCCCNC2=C3NC(=O)C(C)=CC=CC(OC)C(OC(N)=O)C(C)=CC(C)C(O)C(OC)CC(C)CC(=C(OC)C2=O)C3=O)=C(N)C1=O)OC,*C=CC(OC)C(OC(N)=O)C(C)=CC(C)C(O)C(CC(C)CC1=C(OC)C(=O)C(NCCCCCCCCCNC2=C3NC(=O)C(C)=CC=CC(OC)C(OC(N)=O)C(C)=CC(C)C(O)C(OC)CC(C)CC(=C(OC)C2=O)C3=O)=C(N*)C1=O)OC
C1=C(OC)C(=O)C(NCCCCCCCCCNC2=C3NC(=O)C(C)=CC=CC(OC)C(OC(N)=O)C(C)=CC(C)C(O)C(OC)CC(C)CC(=C(OC)C2=O)C3=O)=C(NC(=O)C(C)=CC=CC(OC)C(OC(N)=O)C(C)=CC(C)C(O)COC)C1=O,*C1=C(OC)C(=O)C(NCCCCCCCCCNC2=C3NC(=O)C(C)=CC=CC(OC)C(OC(N)=O)C(C)=CC(C)C(O)C(OC)CC(C)CC(=C(OC)C2=O)C3=O)=C(NC(=O)C(C)=CC=CC(OC)C(OC(N)=O)C(C)=CC(C)C(O)C(*)OC)C1=O
C(O)C(CC(C)CC1=C(OC)C(=O)C(NCCCCCCCCCNC2=C3NC(=O)C(C)=CC=CC(OC)C(OC(N)=O)C(C)=CC(C)C(O)C(OC)CC(C)CC(=C(OC)C2=O)C3=O)=C(NC(=O)C(C)=CC=CC(OC)COC(N)=O)C1=O)OC,*C(O)C(CC(C)CC1=C(OC)C(=O)C(NCCCCCCCCCNC2=C3NC(=O)C(C)=CC=CC(OC)C(OC(N)=O)C(C)=CC(C)C(O)C(OC)CC(C)CC(=C(OC)C2=O)C3=O)=C(NC(=O)C(C)=CC=CC(OC)C(*)OC(N)=O)C1=O)OC
[NH2+]CCC(NC(=O)C(CO)NC(=O)C(CCCC)NC(=O)C(NC(=O)CNC(=O)C(CCC(N)=O)NC(=O)C(CC(C)C)NC(=O)C(CC(C)C)NC(=O)C(CCCC[NH3+])NC(=O)C(CCC[NH+]=C(N)N)NC(=O)C(C)NC(=O)C(CO)NC(=O)C(CC(C)C)NC(=O)C(CCC(N)=O)NC(=O)C(C)NC(=O)C(CC(C)C)NC(=O)C(NC(=O)C(CCCC[NH3+])NC(=O)C(CCC[NH+]=C(N)N)NC(=O)C(Cc1ccc(O)cc1)NC(=O)C(CO)NC(=O)C(CC(N)=O)NC(=O)C(NC(=O)C(Cc1ccccc1)NC(=O)C(NC(=O)C(C)NC(=O)C(CC(=O)[O-])NC(=O)C(C)NC(=O)C(C)([NH3+])Cc1ccc(O)cc1)C(C)CC)C(C)O)C(C)C)C(C)CC)C(N)=O,*[NH2+]CCC(NC(=O)C(CO)NC(=O)C(CCCC)NC(=O)C(NC(=O)C(*)NC(=O)C(CCC(N)=O)NC(=O)C(CC(C)C)NC(=O)C(CC(C)C)NC(=O)C(CCCC[NH3+])NC(=O)C(CCC[NH+]=C(N)N)NC(=O)C(C)NC(=O)C(CO)NC(=O)C(CC(C)C)NC(=O)C(CCC(N)=O)NC(=O)C(C)NC(=O)C(CC(C)C)NC(=O)C(NC(=O)C(CCCC[NH3+])NC(=O)C(CCC[NH+]=C(N)N)NC(=O)C(Cc1ccc(O)cc1)NC(=O)C(CO)NC(=O)C(CC(N)=O)NC(=O)C(NC(=O)C(Cc1ccccc1)NC(=O)C(NC(=O)C(C)NC(=O)C(CC(=O)[O-])NC(=O)C(C)NC(=O)C(C)([NH3+])Cc1ccc(O)cc1)C(C)CC)C(C)O)C(C)C)C(C)CC)C(N)=O
CCC(NC(=O)C(CO)NC(=O)C(CCCC)NC(=O)C(NC(=O)C(C)NC(=O)C(CCC(N)=O)NC(=O)C(CC(C)C)NC(=O)C(CC(C)C)NC(=O)C(CCCC[NH3+])NC(=O)C(CCC[NH+]=C(N)N)NC(=O)C(C)NC(=O)C(CO)NC(=O)C(CC(C)C)NC(=O)C(CCC(N)=O)NC(=O)C(C)NC(=O)C(CC(C)C)NC(=O)C(NC(=O)C(CCCC[NH3+])NC(=O)C(CCC[NH+]=C(N)N)NC(=O)C(Cc1ccc(O)cc1)NC(=O)C(CO)NC(=O)C(CC(N)=O)NC(=O)C(NC(=O)C(Cc1ccccc1)NC(=O)C(NC(=O)C(C)NC(=O)C(CC(=O)[O-])NC(=O)C(C)NC(=O)C(C)([NH3+])Cc1ccc(O)cc1)C(C)CC)C(C)O)C(C)C)C(C)CC)C(N)=O,*CCC(NC(=O)C(CO)NC(=O)C(CCCC)NC(=O)C(NC(=O)C(C*)NC(=O)C(CCC(N)=O)NC(=O)C(CC(C)C)NC(=O)C(CC(C)C)NC(=O)C(CCCC[NH3+])NC(=O)C(CCC[NH+]=C(N)N)NC(=O)C(C)NC(=O)C(CO)NC(=O)C(CC(C)C)NC(=O)C(CCC(N)=O)NC(=O)C(C)NC(=O)C(CC(C)C)NC(=O)C(NC(=O)C(CCCC[NH3+])NC(=O)C(CCC[NH+]=C(N)N)NC(=O)C(Cc1ccc(O)cc1)NC(=O)C(CO)NC(=O)C(CC(N)=O)NC(=O)C(NC(=O)C(Cc1ccccc1)NC(=O)C(NC(=O)C(C)NC(=O)C(CC(=O)[O-])NC(=O)C(C)NC(=O)C(C)([NH3+])Cc1ccc(O)cc1)C(C)CC)C(C)O)C(C)C)C(C)CC)C(N)=O
CC(=O)CC(NC(=O)C(CCC(N)=O)NC(=O)C(CC(C)C)NC(=O)C(CC(C)C)NC(=O)C(CCCC[NH3+])NC(=O)C(CCC[NH+]=C(N)N)NC(=O)C(C)NC(=O)C(CO)NC(=O)C(CC(C)C)NC(=O)C(CCC(N)=O)NC(=O)C(C)NC(=O)C(CC(C)C)NC(=O)C(NC(=O)C(CCCC[NH3+])NC(=O)C(CCC[NH+]=C(N)N)NC(=O)C(Cc1ccc(O)cc1)NC(=O)C(CO)NC(=O)C(CC(N)=O)NC(=O)C(NC(=O)C(Cc1ccccc1)NC(=O)C(NC(=O)C(C)NC(=O)C(CC(=O)[O-])NC(=O)C(C)NC(=O)C(C)([NH3+])Cc1ccc(O)cc1)C(C)CC)C(C)O)C(C)C)C(=O)NC(C(=O)NC(CCCC)C(=O)NC(CO)C(=O)NCC(N)=O)C(C)CC,*CC(=O)CC(NC(=O)C(CCC(N)=O)NC(=O)C(CC(C)C)NC(=O)C(CC(C)C)NC(=O)C(CCCC[NH3+])NC(=O)C(CCC[NH+]=C(N)N)NC(=O)C(C)NC(=O)C(CO)NC(=O)C(CC(C)C)NC(=O)C(CCC(N)=O)NC(=O)C(C)NC(=O)C(CC(C)C)NC(=O)C(NC(=O)C(CCCC[NH3+])NC(=O)C(CCC[NH+]=C(N)N)NC(=O)C(Cc1ccc(O)cc1)NC(=O)C(CO)NC(=O)C(CC(N)=O)NC(=O)C(NC(=O)C(Cc1ccccc1)NC(=O)C(NC(=O)C(C)NC(=O)C(CC(=O)[O-])NC(=O)C(C)NC(=O)C(C)([NH3+])Cc1ccc(O)cc1)C(C)CC)C(C)O)C(C)C)C(=O)NC(C(=O)NC(CCCC)C(=O)NC(CO)C(=O)NC(*)C(N)=O)C(C)CC
CC(NC(=O)C(CO)NC(=O)C(CCCC)NC(=O)C(NC(=O)C(CC=O)NC(=O)C(CCC(N)=O)NC(=O)C(CC(C)C)NC(=O)C(CC(C)C)NC(=O)C(CCCC[NH3+])NC(=O)C(CCC[NH+]=C(N)N)NC(=O)C(C)NC(=O)C(CO)NC(=O)C(CC(C)C)NC(=O)C(CCC(N)=O)NC(=O)C(C)NC(=O)C(CC(C)C)NC(=O)C(NC(=O)C(CCCC[NH3+])NC(=O)C(CCC[NH+]=C(N)N)NC(=O)C(Cc1ccc(O)cc1)NC(=O)C(CO)NC(=O)C(CC(N)=O)NC(=O)C(NC(=O)C(Cc1ccccc1)NC(=O)C(NC(=O)C(C)NC(=O)C(CC(=O)[O-])NC(=O)C(C)NC(=O)C(C)([NH3+])Cc1ccc(O)cc1)C(C)CC)C(C)O)C(C)C)C(C)CC)C(N)=O,*CC(NC(=O)C(CO)NC(=O)C(CCCC)NC(=O)C(NC(=O)C(CC(*)=O)NC(=O)C(CCC(N)=O)NC(=O)C(CC(C)C)NC(=O)C(CC(C)C)NC(=O)C(CCCC[NH3+])NC(=O)C(CCC[NH+]=C(N)N)NC(=O)C(C)NC(=O)C(CO)NC(=O)C(CC(C)C)NC(=O)C(CCC(N)=O)NC(=O)C(C)NC(=O)C(CC(C)C)NC(=O)C(NC(=O)C(CCCC[NH3+])NC(=O)C(CCC[NH+]=C(N)N)NC(=O)C(Cc1ccc(O)cc1)NC(=O)C(CO)NC(=O)C(CC(N)=O)NC(=O)C(NC(=O)C(Cc1ccccc1)NC(=O)C(NC(=O)C(C)NC(=O)C(CC(=O)[O-])NC(=O)C(C)NC(=O)C(C)([NH3+])Cc1ccc(O)cc1)C(C)CC)C(C)O)C(C)C)C(C)CC)C(N)=O
C(O)CC(NC(=O)CCCCCCCCC(C)CC(C)CC)C(=O)NC(C(=O)N1CC(O)CC1C(=O)NC(C(=O)NC(C(=O)N1CCC(O)C1)C(O)CC(N)=O)C(O)Cc1ccc(O)c(CC=C)c1)C(C)O,*C(O)CC(NC(=O)CCCCCCCCC(C)CC(C)CC)C(=O)NC(C(=O)N1CC(O)CC1C(=O)NC(C(=O)NC(C(=O)N1CCC(O)C1*)C(O)CC(N)=O)C(O)Cc1ccc(O)c(CC=C)c1)C(C)O
CC(NC(=O)CCCCCCCCC(C)CC(C)CC)C(=O)NC(C(=O)N1CC(O)CC1C(=O)NC(C(=O)NC(C(=O)N1CCC(O)C1C=O)C(O)CC(N)=O)C(O)Cc1ccc(O)c(CC=C)c1)C(C)O,*CC(NC(=O)CCCCCCCCC(C)CC(C)CC)C(=O)NC(C(=O)N1CC(O)CC1C(=O)NC(C(=O)NC(C(=O)N1CCC(O)C1C(*)=O)C(O)CC(N)=O)C(O)Cc1ccc(O)c(CC=C)c1)C(C)O
NC(=O)C1C(O)CCN1C(=O)C(NC(=O)C(NC(=O)C1CC(O)CN1C(=O)C(NC(=O)CNC(=O)CCCCCCCCC(C)CC(C)CC)C(C)O)C(O)Cc1ccc(O)c(CC=C)c1)C(O)CC(N)=O,*NC(=O)C1C(O)CCN1C(=O)C(NC(=O)C(NC(=O)C1CC(O)CN1C(=O)C(NC(=O)C(*)NC(=O)CCCCCCCCC(C)CC(C)CC)C(C)O)C(O)Cc1ccc(O)c(CC=C)c1)C(O)CC(N)=O
C=Cc1ccccc1OCCNC(C(=O)NC(C)(C)C(=O)NCCOCc1ccccc1)C(C)CC,*C=Cc1ccccc1OCCNC(C(=O)NC(C)(C)C(=O)NC(*)COCc1ccccc1)C(C)CC
Oc1ccccc1C=CCNC(=O)C(COCc1ccccc1)NC(=O)C(C)(C)NC(=O)CC(C)CC,*Oc1ccccc1C=CCNC(=O)C(COCc1ccccc1)NC(=O)C(C)(C)NC(=O)C(*)C(C)CC
NC(=O)C(COCc1ccccc1)NC(=O)C(C)(C)NC(=O)C(NCCOc1ccccc1)C(C)CC,*NC(=O)C(COCc1ccccc1)NC(=O)C(C)(C)NC(=O)C(NCCOc1ccccc1*)C(C)CC
NC(C(=O)NC(C)(C)C(=O)NC(COCc1ccccc1)C(=O)NCC=Cc1ccccc1)C(C)CC,*NC(C(=O)NC(C)(C)C(=O)NC(COCc1ccccc1)C(=O)NCC=Cc1ccccc1*)C(C)CC
CCC(C=O)NC(=O)C(CC(C)C)NC(=O)C(Cc1cn(C)nn1)NC(=O)OCc1ccccc1,*CCC(C=O)NC(=O)C(CC(C)C)NC(=O)C(Cc1cn(C*)nn1)NC(=O)OCc1ccccc1
